Person_ID,Gender,Age,Age_Group,Education,Occupation,Monthly_Income,Place
JMD00001,Male,25,Young,Uneducated,Student,4159,Jamaldi
JMD00002,Female,32,Mid-aged,Uneducated,Businessman,26981,Jamaldi
JMD00003,Male,47,Old,Educated,Businessman,20845,Jamaldi
JMD00004,Female,7,Children,Uneducated,Student,0,Jamaldi
JMD00005,Male,57,Old,Educated,Businessman,28431,Jamaldi
JMD00006,Female,24,Young,Educated,Employee,17518,Jamaldi
JMD00007,Female,23,Young,Uneducated,Employee,17236,Jamaldi
JMD00008,Male,39,Mid-aged,Educated,Farmer,23355,Jamaldi
JMD00009,Female,30,Mid-aged,Uneducated,Businessman,26923,Jamaldi
JMD00010,Female,24,Young,Educated,Student,871,Jamaldi
JMD00011,Female,60,Old,Educated,Businessman,16163,Jamaldi
JMD00012,Female,18,Young,Uneducated,Student,5045,Jamaldi
JMD00013,Female,38,Mid-aged,Educated,Businessman,18697,Jamaldi
JMD00014,Female,56,Old,Uneducated,Businessman,13700,Jamaldi
JMD00015,Male,7,Children,Educated,Student,0,Jamaldi
JMD00016,Male,25,Young,Uneducated,Student,2603,Jamaldi
JMD00017,Male,10,Children,Educated,Student,0,Jamaldi
JMD00018,Female,39,Mid-aged,Uneducated,Employee,34847,Jamaldi
JMD00019,Female,27,Mid-aged,Educated,Businessman,37398,Jamaldi
JMD00020,Male,19,Young,Uneducated,Employee,16913,Jamaldi
JMD00021,Male,18,Young,Uneducated,Student,285,Jamaldi
JMD00022,Male,16,Young,Educated,Employee,15949,Jamaldi
JMD00023,Female,0,Children,Uneducated,Student,0,Jamaldi
JMD00024,Male,28,Mid-aged,Uneducated,Farmer,11114,Jamaldi
JMD00025,Female,35,Mid-aged,Educated,Employee,17049,Jamaldi
JMD00026,Male,8,Children,Educated,Student,0,Jamaldi
JMD00027,Male,30,Mid-aged,Educated,Businessman,14701,Jamaldi
JMD00028,Female,43,Old,Uneducated,Businessman,13111,Jamaldi
JMD00029,Male,21,Young,Educated,Employee,21124,Jamaldi
JMD00030,Male,25,Young,Uneducated,Employee,21869,Jamaldi
JMD00031,Male,14,Young,Educated,Employee,15363,Jamaldi
JMD00032,Female,23,Young,Educated,Employee,20466,Jamaldi
JMD00033,Female,40,Mid-aged,Educated,Businessman,14865,Jamaldi
JMD00034,Male,39,Mid-aged,Educated,Farmer,12756,Jamaldi
JMD00035,Female,55,Old,Uneducated,Businessman,17308,Jamaldi
JMD00036,Male,32,Mid-aged,Educated,Businessman,31051,Jamaldi
JMD00037,Male,17,Young,Uneducated,Employee,21946,Jamaldi
JMD00038,Female,7,Children,Uneducated,Student,0,Jamaldi
JMD00039,Female,47,Old,Educated,Businessman,18342,Jamaldi
JMD00040,Male,10,Children,Educated,Student,0,Jamaldi
JMD00041,Female,30,Mid-aged,Educated,Employee,38074,Jamaldi
JMD00042,Male,23,Young,Educated,Employee,21174,Jamaldi
JMD00043,Female,12,Children,Uneducated,Student,0,Jamaldi
JMD00044,Male,5,Children,Uneducated,Student,0,Jamaldi
JMD00045,Female,26,Mid-aged,Educated,Employee,17569,Jamaldi
JMD00046,Female,61,Old,Uneducated,Farmer,23669,Jamaldi
JMD00047,Male,41,Old,Uneducated,Farmer,28477,Jamaldi
JMD00048,Female,37,Mid-aged,Educated,Businessman,26527,Jamaldi
JMD00049,Female,3,Children,Uneducated,Student,0,Jamaldi
JMD00050,Female,23,Young,Educated,Employee,20780,Jamaldi
JMD00051,Female,36,Mid-aged,Educated,Employee,13738,Jamaldi
JMD00052,Female,63,Old,Educated,Farmer,16583,Jamaldi
JMD00053,Male,64,Old,Educated,Farmer,24458,Jamaldi
JMD00054,Female,9,Children,Educated,Student,0,Jamaldi
JMD00055,Male,7,Children,Uneducated,Student,0,Jamaldi
JMD00056,Female,2,Children,Uneducated,Student,0,Jamaldi
JMD00057,Female,63,Old,Educated,Farmer,24434,Jamaldi
JMD00058,Female,29,Mid-aged,Educated,Farmer,36260,Jamaldi
JMD00059,Male,53,Old,Uneducated,Businessman,25488,Jamaldi
JMD00060,Male,30,Mid-aged,Educated,Businessman,22688,Jamaldi
JMD00061,Female,20,Young,Educated,Employee,18991,Jamaldi
JMD00062,Male,61,Old,Uneducated,Businessman,19874,Jamaldi
JMD00063,Male,5,Children,Uneducated,Student,0,Jamaldi
JMD00064,Female,36,Mid-aged,Educated,Employee,14585,Jamaldi
JMD00065,Female,17,Young,Uneducated,Student,430,Jamaldi
JMD00066,Male,49,Old,Educated,Farmer,15971,Jamaldi
JMD00067,Female,37,Mid-aged,Educated,Businessman,37579,Jamaldi
JMD00068,Female,10,Children,Uneducated,Student,0,Jamaldi
JMD00069,Female,23,Young,Educated,Student,13869,Jamaldi
JMD00070,Female,16,Young,Uneducated,Employee,17389,Jamaldi
JMD00071,Female,27,Mid-aged,Educated,Farmer,15622,Jamaldi
JMD00072,Male,37,Mid-aged,Uneducated,Businessman,10684,Jamaldi
JMD00073,Male,40,Mid-aged,Uneducated,Farmer,16827,Jamaldi
JMD00074,Female,10,Children,Educated,Student,0,Jamaldi
JMD00075,Male,9,Children,Uneducated,Student,0,Jamaldi
JMD00076,Female,38,Mid-aged,Educated,Farmer,33751,Jamaldi
JMD00077,Male,39,Mid-aged,Educated,Farmer,18308,Jamaldi
JMD00078,Male,21,Young,Educated,Employee,21503,Jamaldi
JMD00079,Male,18,Young,Uneducated,Employee,20806,Jamaldi
JMD00080,Female,2,Children,Educated,Student,0,Jamaldi
JMD00081,Male,25,Young,Educated,Employee,21757,Jamaldi
JMD00082,Female,19,Young,Educated,Employee,21027,Jamaldi
JMD00083,Female,58,Old,Educated,Farmer,10269,Jamaldi
JMD00084,Female,41,Old,Educated,Businessman,19828,Jamaldi
JMD00085,Female,11,Children,Educated,Student,0,Jamaldi
JMD00086,Male,63,Old,Uneducated,Farmer,16705,Jamaldi
JMD00087,Female,56,Old,Educated,Businessman,17259,Jamaldi
JMD00088,Female,16,Young,Educated,Student,15971,Jamaldi
JMD00089,Female,33,Mid-aged,Educated,Farmer,32497,Jamaldi
JMD00090,Female,24,Young,Educated,Student,11068,Jamaldi
JMD00091,Male,25,Young,Educated,Student,4760,Jamaldi
JMD00092,Female,55,Old,Educated,Businessman,25724,Jamaldi
JMD00093,Female,57,Old,Educated,Farmer,20628,Jamaldi
JMD00094,Male,40,Mid-aged,Uneducated,Businessman,19130,Jamaldi
JMD00095,Female,9,Children,Educated,Student,0,Jamaldi
JMD00096,Male,19,Young,Uneducated,Employee,18358,Jamaldi
JMD00097,Female,2,Children,Educated,Student,0,Jamaldi
JMD00098,Male,10,Children,Uneducated,Student,0,Jamaldi
JMD00099,Female,40,Mid-aged,Educated,Employee,22040,Jamaldi
JMD00100,Female,28,Mid-aged,Educated,Businessman,26071,Jamaldi
JMD00101,Male,9,Children,Uneducated,Student,0,Jamaldi
JMD00102,Male,40,Mid-aged,Educated,Businessman,11649,Jamaldi
JMD00103,Female,11,Children,Educated,Student,0,Jamaldi
JMD00104,Female,33,Mid-aged,Educated,Farmer,35152,Jamaldi
JMD00105,Female,22,Young,Educated,Employee,21866,Jamaldi
JMD00106,Male,12,Children,Uneducated,Student,0,Jamaldi
JMD00107,Female,35,Mid-aged,Educated,Businessman,20556,Jamaldi
JMD00108,Female,27,Mid-aged,Educated,Businessman,15137,Jamaldi
JMD00109,Male,9,Children,Educated,Student,0,Jamaldi
JMD00110,Male,0,Children,Educated,Student,0,Jamaldi
JMD00111,Male,60,Old,Educated,Businessman,10831,Jamaldi
JMD00112,Male,9,Children,Uneducated,Student,0,Jamaldi
JMD00113,Female,18,Young,Educated,Employee,16190,Jamaldi
JMD00114,Female,30,Mid-aged,Uneducated,Businessman,27557,Jamaldi
JMD00115,Female,31,Mid-aged,Uneducated,Businessman,25199,Jamaldi
JMD00116,Male,23,Young,Educated,Employee,21551,Jamaldi
JMD00117,Female,38,Mid-aged,Educated,Employee,25237,Jamaldi
JMD00118,Female,46,Old,Educated,Businessman,26152,Jamaldi
JMD00119,Male,13,Young,Uneducated,Student,224,Jamaldi
JMD00120,Female,18,Young,Educated,Student,16799,Jamaldi
JMD00121,Female,8,Children,Educated,Student,0,Jamaldi
JMD00122,Male,3,Children,Educated,Student,0,Jamaldi
JMD00123,Female,21,Young,Educated,Employee,16739,Jamaldi
JMD00124,Male,55,Old,Educated,Farmer,10135,Jamaldi
JMD00125,Male,22,Young,Uneducated,Student,9274,Jamaldi
JMD00126,Male,5,Children,Uneducated,Student,0,Jamaldi
JMD00127,Male,46,Old,Educated,Farmer,27264,Jamaldi
JMD00128,Female,30,Mid-aged,Educated,Businessman,27181,Jamaldi
JMD00129,Female,8,Children,Educated,Student,0,Jamaldi
JMD00130,Female,47,Old,Educated,Farmer,24490,Jamaldi
JMD00131,Female,56,Old,Uneducated,Farmer,26187,Jamaldi
JMD00132,Female,22,Young,Uneducated,Student,7139,Jamaldi
JMD00133,Male,40,Mid-aged,Educated,Businessman,13712,Jamaldi
JMD00134,Male,46,Old,Educated,Farmer,14088,Jamaldi
JMD00135,Male,8,Children,Uneducated,Student,0,Jamaldi
JMD00136,Male,28,Mid-aged,Uneducated,Businessman,18662,Jamaldi
JMD00137,Male,23,Young,Uneducated,Student,2363,Jamaldi
JMD00138,Female,36,Mid-aged,Educated,Employee,10346,Jamaldi
JMD00139,Female,15,Young,Educated,Student,5895,Jamaldi
JMD00140,Female,22,Young,Educated,Employee,18125,Jamaldi
JMD00141,Male,15,Young,Educated,Employee,16107,Jamaldi
JMD00142,Female,24,Young,Educated,Employee,16899,Jamaldi
JMD00143,Male,5,Children,Educated,Student,0,Jamaldi
JMD00144,Male,3,Children,Educated,Student,0,Jamaldi
JMD00145,Male,8,Children,Educated,Student,0,Jamaldi
JMD00146,Female,41,Old,Educated,Farmer,14516,Jamaldi
JMD00147,Female,49,Old,Educated,Farmer,19269,Jamaldi
JMD00148,Male,24,Young,Uneducated,Student,8254,Jamaldi
JMD00149,Male,5,Children,Educated,Student,0,Jamaldi
JMD00150,Female,53,Old,Uneducated,Businessman,21888,Jamaldi
JMD00151,Male,44,Old,Educated,Businessman,21639,Jamaldi
JMD00152,Female,2,Children,Educated,Student,0,Jamaldi
JMD00153,Male,14,Young,Uneducated,Student,17335,Jamaldi
JMD00154,Female,0,Children,Educated,Student,0,Jamaldi
JMD00155,Female,30,Mid-aged,Educated,Employee,23660,Jamaldi
JMD00156,Female,14,Young,Educated,Employee,18418,Jamaldi
JMD00157,Male,32,Mid-aged,Educated,Businessman,13502,Jamaldi
JMD00158,Male,3,Children,Educated,Student,0,Jamaldi
JMD00159,Female,48,Old,Educated,Businessman,21337,Jamaldi
JMD00160,Female,9,Children,Educated,Student,0,Jamaldi
JMD00161,Female,22,Young,Educated,Student,8308,Jamaldi
JMD00162,Male,5,Children,Uneducated,Student,0,Jamaldi
JMD00163,Male,26,Mid-aged,Educated,Businessman,27459,Jamaldi
JMD00164,Female,29,Mid-aged,Uneducated,Farmer,39502,Jamaldi
JMD00165,Female,20,Young,Educated,Employee,17983,Jamaldi
JMD00166,Male,12,Children,Educated,Student,0,Jamaldi
JMD00167,Female,18,Young,Educated,Student,6811,Jamaldi
JMD00168,Male,33,Mid-aged,Uneducated,Employee,29690,Jamaldi
JMD00169,Female,12,Children,Uneducated,Student,0,Jamaldi
JMD00170,Female,8,Children,Educated,Student,0,Jamaldi
JMD00171,Female,23,Young,Uneducated,Student,8967,Jamaldi
JMD00172,Male,7,Children,Uneducated,Student,0,Jamaldi
JMD00173,Male,18,Young,Uneducated,Employee,21885,Jamaldi
JMD00174,Female,35,Mid-aged,Educated,Employee,14462,Jamaldi
JMD00175,Female,56,Old,Educated,Businessman,12252,Jamaldi
JMD00176,Female,14,Young,Educated,Employee,15023,Jamaldi
JMD00177,Male,17,Young,Educated,Student,15503,Jamaldi
JMD00178,Female,23,Young,Educated,Student,17758,Jamaldi
JMD00179,Male,13,Young,Uneducated,Employee,18417,Jamaldi
JMD00180,Female,32,Mid-aged,Uneducated,Farmer,30033,Jamaldi
JMD00181,Male,65,Old,Educated,Farmer,28021,Jamaldi
JMD00182,Male,60,Old,Educated,Businessman,23699,Jamaldi
JMD00183,Male,12,Children,Educated,Student,0,Jamaldi
JMD00184,Female,61,Old,Educated,Businessman,17896,Jamaldi
JMD00185,Female,24,Young,Uneducated,Employee,21461,Jamaldi
JMD00186,Female,0,Children,Educated,Student,0,Jamaldi
JMD00187,Male,25,Young,Uneducated,Employee,19626,Jamaldi
JMD00188,Female,42,Old,Uneducated,Farmer,27087,Jamaldi
JMD00189,Male,45,Old,Educated,Farmer,20033,Jamaldi
JMD00190,Male,12,Children,Uneducated,Student,0,Jamaldi
JMD00191,Male,47,Old,Educated,Businessman,27870,Jamaldi
JMD00192,Male,40,Mid-aged,Educated,Businessman,38233,Jamaldi
JMD00193,Male,15,Young,Uneducated,Employee,16607,Jamaldi
JMD00194,Female,62,Old,Educated,Farmer,21124,Jamaldi
JMD00195,Male,41,Old,Educated,Businessman,18968,Jamaldi
JMD00196,Male,2,Children,Uneducated,Student,0,Jamaldi
JMD00197,Female,20,Young,Educated,Student,985,Jamaldi
JMD00198,Female,39,Mid-aged,Uneducated,Farmer,20154,Jamaldi
JMD00199,Female,17,Young,Uneducated,Student,13823,Jamaldi
JMD00200,Male,7,Children,Uneducated,Student,0,Jamaldi
JMD00201,Male,9,Children,Educated,Student,0,Jamaldi
JMD00202,Male,64,Old,Educated,Businessman,11388,Jamaldi
JMD00203,Male,44,Old,Uneducated,Businessman,12715,Jamaldi
JMD00204,Male,49,Old,Educated,Businessman,17502,Jamaldi
JMD00205,Male,10,Children,Educated,Student,0,Jamaldi
JMD00206,Female,63,Old,Uneducated,Farmer,14657,Jamaldi
JMD00207,Male,56,Old,Uneducated,Farmer,28277,Jamaldi
JMD00208,Female,63,Old,Educated,Businessman,28049,Jamaldi
JMD00209,Male,60,Old,Uneducated,Farmer,12094,Jamaldi
JMD00210,Female,28,Mid-aged,Uneducated,Businessman,21483,Jamaldi
JMD00211,Male,5,Children,Uneducated,Student,0,Jamaldi
JMD00212,Male,15,Young,Educated,Student,4639,Jamaldi
JMD00213,Female,17,Young,Uneducated,Student,786,Jamaldi
JMD00214,Female,13,Young,Uneducated,Student,2773,Jamaldi
JMD00215,Female,27,Mid-aged,Educated,Businessman,20889,Jamaldi
JMD00216,Male,9,Children,Educated,Student,0,Jamaldi
JMD00217,Female,39,Mid-aged,Educated,Farmer,16267,Jamaldi
JMD00218,Female,3,Children,Educated,Student,0,Jamaldi
JMD00219,Male,32,Mid-aged,Uneducated,Farmer,36792,Jamaldi
JMD00220,Female,49,Old,Uneducated,Businessman,14397,Jamaldi
JMD00221,Male,27,Mid-aged,Uneducated,Farmer,37573,Jamaldi
JMD00222,Female,23,Young,Educated,Employee,20048,Jamaldi
JMD00223,Female,9,Children,Uneducated,Student,0,Jamaldi
JMD00224,Male,21,Young,Educated,Employee,19556,Jamaldi
JMD00225,Male,28,Mid-aged,Uneducated,Employee,10696,Jamaldi
JMD00226,Female,47,Old,Educated,Businessman,27068,Jamaldi
JMD00227,Female,21,Young,Educated,Student,13558,Jamaldi
JMD00228,Female,19,Young,Uneducated,Employee,16374,Jamaldi
JMD00229,Male,42,Old,Educated,Businessman,21605,Jamaldi
JMD00230,Female,36,Mid-aged,Educated,Businessman,39474,Jamaldi
JMD00231,Male,18,Young,Uneducated,Student,14505,Jamaldi
JMD00232,Male,11,Children,Uneducated,Student,0,Jamaldi
JMD00233,Female,62,Old,Uneducated,Businessman,26189,Jamaldi
JMD00234,Male,24,Young,Educated,Employee,17500,Jamaldi
JMD00235,Female,16,Young,Uneducated,Student,8006,Jamaldi
JMD00236,Female,44,Old,Educated,Businessman,10134,Jamaldi
JMD00237,Male,10,Children,Educated,Student,0,Jamaldi
JMD00238,Male,38,Mid-aged,Educated,Employee,23271,Jamaldi
JMD00239,Female,23,Young,Educated,Student,10864,Jamaldi
JMD00240,Male,15,Young,Uneducated,Employee,21933,Jamaldi
JMD00241,Female,0,Children,Educated,Student,0,Jamaldi
JMD00242,Female,16,Young,Uneducated,Employee,19511,Jamaldi
JMD00243,Male,46,Old,Educated,Businessman,28177,Jamaldi
JMD00244,Female,28,Mid-aged,Educated,Farmer,21208,Jamaldi
JMD00245,Female,29,Mid-aged,Uneducated,Businessman,34904,Jamaldi
JMD00246,Female,44,Old,Uneducated,Businessman,10281,Jamaldi
JMD00247,Female,52,Old,Uneducated,Businessman,21835,Jamaldi
JMD00248,Female,65,Old,Educated,Businessman,24060,Jamaldi
JMD00249,Male,54,Old,Uneducated,Farmer,22511,Jamaldi
JMD00250,Male,17,Young,Educated,Employee,18992,Jamaldi
JMD00251,Male,4,Children,Educated,Student,0,Jamaldi
JMD00252,Male,8,Children,Educated,Student,0,Jamaldi
JMD00253,Female,40,Mid-aged,Educated,Farmer,14177,Jamaldi
JMD00254,Female,33,Mid-aged,Educated,Farmer,22143,Jamaldi
JMD00255,Male,24,Young,Educated,Student,11428,Jamaldi
JMD00256,Male,3,Children,Educated,Student,0,Jamaldi
JMD00257,Female,32,Mid-aged,Uneducated,Businessman,30706,Jamaldi
JMD00258,Male,21,Young,Uneducated,Student,5994,Jamaldi
JMD00259,Female,19,Young,Uneducated,Employee,16477,Jamaldi
JMD00260,Female,32,Mid-aged,Uneducated,Businessman,34469,Jamaldi
JMD00261,Male,32,Mid-aged,Educated,Farmer,26788,Jamaldi
JMD00262,Female,8,Children,Uneducated,Student,0,Jamaldi
JMD00263,Female,62,Old,Educated,Farmer,16124,Jamaldi
JMD00264,Male,30,Mid-aged,Educated,Employee,23344,Jamaldi
JMD00265,Female,31,Mid-aged,Educated,Employee,28245,Jamaldi
JMD00266,Male,57,Old,Educated,Farmer,25758,Jamaldi
JMD00267,Female,32,Mid-aged,Educated,Employee,14073,Jamaldi
JMD00268,Male,25,Young,Educated,Employee,21739,Jamaldi
JMD00269,Female,12,Children,Educated,Student,0,Jamaldi
JMD00270,Female,0,Children,Educated,Student,0,Jamaldi
JMD00271,Female,25,Young,Uneducated,Student,3223,Jamaldi
JMD00272,Female,22,Young,Educated,Employee,20356,Jamaldi
JMD00273,Male,11,Children,Educated,Student,0,Jamaldi
JMD00274,Male,3,Children,Educated,Student,0,Jamaldi
JMD00275,Male,5,Children,Educated,Student,0,Jamaldi
JMD00276,Male,32,Mid-aged,Educated,Businessman,22660,Jamaldi
JMD00277,Female,1,Children,Uneducated,Student,0,Jamaldi
JMD00278,Female,8,Children,Uneducated,Student,0,Jamaldi
JMD00279,Female,2,Children,Uneducated,Student,0,Jamaldi
JMD00280,Male,15,Young,Educated,Employee,20253,Jamaldi
JMD00281,Female,44,Old,Educated,Businessman,19279,Jamaldi
JMD00282,Male,37,Mid-aged,Educated,Businessman,25946,Jamaldi
JMD00283,Female,24,Young,Educated,Student,15858,Jamaldi
JMD00284,Female,52,Old,Educated,Businessman,12260,Jamaldi
JMD00285,Male,14,Young,Uneducated,Employee,15762,Jamaldi
JMD00286,Male,35,Mid-aged,Educated,Farmer,17771,Jamaldi
JMD00287,Male,29,Mid-aged,Uneducated,Businessman,25672,Jamaldi
JMD00288,Female,37,Mid-aged,Educated,Businessman,11211,Jamaldi
JMD00289,Female,61,Old,Uneducated,Farmer,16625,Jamaldi
JMD00290,Female,44,Old,Uneducated,Businessman,13840,Jamaldi
JMD00291,Female,17,Young,Uneducated,Student,6244,Jamaldi
JMD00292,Male,19,Young,Uneducated,Employee,15781,Jamaldi
JMD00293,Male,6,Children,Uneducated,Student,0,Jamaldi
JMD00294,Female,30,Mid-aged,Uneducated,Employee,26368,Jamaldi
JMD00295,Female,54,Old,Uneducated,Farmer,23971,Jamaldi
JMD00296,Female,33,Mid-aged,Educated,Employee,17082,Jamaldi
JMD00297,Male,46,Old,Uneducated,Farmer,18611,Jamaldi
JMD00298,Male,64,Old,Educated,Businessman,21280,Jamaldi
JMD00299,Male,37,Mid-aged,Educated,Farmer,25314,Jamaldi
JMD00300,Female,34,Mid-aged,Uneducated,Employee,30053,Jamaldi
JMD00301,Female,62,Old,Educated,Businessman,12322,Jamaldi
JMD00302,Female,23,Young,Educated,Employee,18635,Jamaldi
JMD00303,Male,32,Mid-aged,Uneducated,Businessman,18042,Jamaldi
JMD00304,Female,28,Mid-aged,Educated,Farmer,25412,Jamaldi
JMD00305,Female,47,Old,Uneducated,Businessman,21984,Jamaldi
JMD00306,Female,26,Mid-aged,Educated,Businessman,35709,Jamaldi
JMD00307,Male,27,Mid-aged,Uneducated,Businessman,39602,Jamaldi
JMD00308,Male,3,Children,Uneducated,Student,0,Jamaldi
JMD00309,Female,13,Young,Educated,Student,11939,Jamaldi
JMD00310,Female,12,Children,Educated,Student,0,Jamaldi
JMD00311,Female,9,Children,Educated,Student,0,Jamaldi
JMD00312,Female,14,Young,Educated,Student,6859,Jamaldi
JMD00313,Male,52,Old,Uneducated,Farmer,24812,Jamaldi
JMD00314,Male,50,Old,Uneducated,Businessman,10715,Jamaldi
JMD00315,Female,39,Mid-aged,Uneducated,Employee,32441,Jamaldi
JMD00316,Male,19,Young,Uneducated,Employee,15177,Jamaldi
JMD00317,Female,24,Young,Educated,Employee,18752,Jamaldi
JMD00318,Female,57,Old,Educated,Farmer,16474,Jamaldi
JMD00319,Female,6,Children,Uneducated,Student,0,Jamaldi
JMD00320,Female,35,Mid-aged,Uneducated,Businessman,20400,Jamaldi
JMD00321,Male,28,Mid-aged,Educated,Farmer,29618,Jamaldi
JMD00322,Male,49,Old,Educated,Businessman,24204,Jamaldi
JMD00323,Female,11,Children,Educated,Student,0,Jamaldi
JMD00324,Female,18,Young,Educated,Student,12600,Jamaldi
JMD00325,Female,15,Young,Uneducated,Employee,17396,Jamaldi
JMD00326,Male,15,Young,Educated,Employee,21164,Jamaldi
JMD00327,Male,62,Old,Educated,Farmer,22084,Jamaldi
JMD00328,Male,5,Children,Educated,Student,0,Jamaldi
JMD00329,Female,26,Mid-aged,Educated,Businessman,12063,Jamaldi
JMD00330,Female,4,Children,Educated,Student,0,Jamaldi
JMD00331,Female,32,Mid-aged,Uneducated,Businessman,24772,Jamaldi
JMD00332,Female,64,Old,Educated,Businessman,29306,Jamaldi
JMD00333,Female,23,Young,Uneducated,Student,5039,Jamaldi
JMD00334,Male,20,Young,Educated,Employee,18021,Jamaldi
JMD00335,Male,0,Children,Educated,Student,0,Jamaldi
JMD00336,Male,27,Mid-aged,Uneducated,Employee,22285,Jamaldi
JMD00337,Male,15,Young,Uneducated,Employee,18621,Jamaldi
JMD00338,Male,57,Old,Educated,Farmer,13273,Jamaldi
JMD00339,Male,18,Young,Educated,Employee,15198,Jamaldi
JMD00340,Male,61,Old,Uneducated,Businessman,26412,Jamaldi
JMD00341,Female,24,Young,Uneducated,Employee,20511,Jamaldi
JMD00342,Male,39,Mid-aged,Educated,Farmer,36689,Jamaldi
JMD00343,Female,49,Old,Uneducated,Businessman,25096,Jamaldi
JMD00344,Female,47,Old,Educated,Businessman,19334,Jamaldi
JMD00345,Male,48,Old,Uneducated,Farmer,26285,Jamaldi
JMD00346,Female,11,Children,Uneducated,Student,0,Jamaldi
JMD00347,Female,27,Mid-aged,Educated,Businessman,38049,Jamaldi
JMD00348,Male,16,Young,Uneducated,Employee,18878,Jamaldi
JMD00349,Female,9,Children,Educated,Student,0,Jamaldi
JMD00350,Female,38,Mid-aged,Uneducated,Businessman,37765,Jamaldi
JMD00351,Male,61,Old,Uneducated,Farmer,13319,Jamaldi
JMD00352,Female,13,Young,Educated,Student,13878,Jamaldi
JMD00353,Female,17,Young,Educated,Employee,17696,Jamaldi
JMD00354,Male,0,Children,Educated,Student,0,Jamaldi
JMD00355,Male,35,Mid-aged,Uneducated,Businessman,32822,Jamaldi
JMD00356,Male,5,Children,Uneducated,Student,0,Jamaldi
JMD00357,Male,13,Young,Educated,Student,5822,Jamaldi
JMD00358,Male,7,Children,Educated,Student,0,Jamaldi
JMD00359,Male,46,Old,Uneducated,Farmer,10179,Jamaldi
JMD00360,Female,14,Young,Educated,Student,3680,Jamaldi
JMD00361,Female,16,Young,Uneducated,Employee,16916,Jamaldi
JMD00362,Male,1,Children,Uneducated,Student,0,Jamaldi
JMD00363,Female,9,Children,Educated,Student,0,Jamaldi
JMD00364,Female,13,Young,Educated,Student,11474,Jamaldi
JMD00365,Female,25,Young,Educated,Employee,18046,Jamaldi
JMD00366,Female,6,Children,Uneducated,Student,0,Jamaldi
JMD00367,Female,11,Children,Uneducated,Student,0,Jamaldi
JMD00368,Female,11,Children,Uneducated,Student,0,Jamaldi
JMD00369,Female,25,Young,Uneducated,Employee,17605,Jamaldi
JMD00370,Female,36,Mid-aged,Uneducated,Businessman,33878,Jamaldi
JMD00371,Male,48,Old,Uneducated,Farmer,22172,Jamaldi
JMD00372,Male,18,Young,Educated,Employee,17338,Jamaldi
JMD00373,Female,62,Old,Educated,Businessman,15658,Jamaldi
JMD00374,Female,8,Children,Uneducated,Student,0,Jamaldi
JMD00375,Female,11,Children,Uneducated,Student,0,Jamaldi
JMD00376,Male,15,Young,Educated,Employee,18343,Jamaldi
JMD00377,Male,11,Children,Educated,Student,0,Jamaldi
JMD00378,Female,19,Young,Uneducated,Student,15677,Jamaldi
JMD00379,Male,17,Young,Uneducated,Student,4426,Jamaldi
JMD00380,Female,19,Young,Educated,Student,14836,Jamaldi
JMD00381,Female,37,Mid-aged,Educated,Employee,22769,Jamaldi
JMD00382,Female,4,Children,Educated,Student,0,Jamaldi
JMD00383,Female,55,Old,Uneducated,Businessman,19011,Jamaldi
JMD00384,Male,4,Children,Uneducated,Student,0,Jamaldi
JMD00385,Male,36,Mid-aged,Educated,Farmer,38218,Jamaldi
JMD00386,Female,17,Young,Uneducated,Student,8370,Jamaldi
JMD00387,Female,39,Mid-aged,Educated,Businessman,25237,Jamaldi
JMD00388,Male,37,Mid-aged,Educated,Farmer,21117,Jamaldi
JMD00389,Female,18,Young,Educated,Employee,16724,Jamaldi
JMD00390,Female,55,Old,Uneducated,Businessman,21590,Jamaldi
JMD00391,Male,30,Mid-aged,Educated,Employee,38077,Jamaldi
JMD00392,Female,45,Old,Educated,Farmer,13201,Jamaldi
JMD00393,Female,12,Children,Uneducated,Student,0,Jamaldi
JMD00394,Female,33,Mid-aged,Uneducated,Businessman,22858,Jamaldi
JMD00395,Female,62,Old,Uneducated,Businessman,28723,Jamaldi
JMD00396,Male,8,Children,Educated,Student,0,Jamaldi
JMD00397,Female,41,Old,Educated,Businessman,23082,Jamaldi
JMD00398,Female,10,Children,Uneducated,Student,0,Jamaldi
JMD00399,Female,21,Young,Uneducated,Employee,16484,Jamaldi
JMD00400,Male,40,Mid-aged,Uneducated,Businessman,20991,Jamaldi
JMD00401,Male,43,Old,Uneducated,Businessman,24362,Jamaldi
JMD00402,Male,27,Mid-aged,Educated,Employee,22365,Jamaldi
JMD00403,Female,30,Mid-aged,Educated,Farmer,13972,Jamaldi
JMD00404,Female,0,Children,Educated,Student,0,Jamaldi
JMD00405,Male,37,Mid-aged,Uneducated,Employee,13021,Jamaldi
JMD00406,Male,17,Young,Educated,Student,2708,Jamaldi
JMD00407,Male,39,Mid-aged,Educated,Employee,22113,Jamaldi
JMD00408,Female,7,Children,Uneducated,Student,0,Jamaldi
JMD00409,Male,56,Old,Uneducated,Businessman,14889,Jamaldi
JMD00410,Female,57,Old,Educated,Businessman,21883,Jamaldi
JMD00411,Female,13,Young,Educated,Employee,21481,Jamaldi
JMD00412,Female,36,Mid-aged,Uneducated,Businessman,24998,Jamaldi
JMD00413,Male,35,Mid-aged,Educated,Employee,26284,Jamaldi
JMD00414,Male,39,Mid-aged,Educated,Businessman,29544,Jamaldi
JMD00415,Male,25,Young,Uneducated,Employee,21085,Jamaldi
JMD00416,Male,6,Children,Educated,Student,0,Jamaldi
JMD00417,Female,4,Children,Uneducated,Student,0,Jamaldi
JMD00418,Female,9,Children,Educated,Student,0,Jamaldi
JMD00419,Male,55,Old,Educated,Farmer,29184,Jamaldi
JMD00420,Male,29,Mid-aged,Educated,Employee,38032,Jamaldi
JMD00421,Female,16,Young,Uneducated,Employee,20679,Jamaldi
JMD00422,Male,27,Mid-aged,Uneducated,Farmer,17481,Jamaldi
JMD00423,Male,8,Children,Educated,Student,0,Jamaldi
JMD00424,Female,39,Mid-aged,Educated,Businessman,16647,Jamaldi
JMD00425,Female,3,Children,Uneducated,Student,0,Jamaldi
JMD00426,Female,33,Mid-aged,Educated,Businessman,23432,Jamaldi
JMD00427,Female,57,Old,Educated,Businessman,18662,Jamaldi
JMD00428,Male,18,Young,Educated,Employee,19607,Jamaldi
JMD00429,Female,51,Old,Uneducated,Farmer,10027,Jamaldi
JMD00430,Female,31,Mid-aged,Educated,Farmer,14145,Jamaldi
JMD00431,Female,23,Young,Educated,Employee,19829,Jamaldi
JMD00432,Female,16,Young,Uneducated,Student,1016,Jamaldi
JMD00433,Female,40,Mid-aged,Uneducated,Farmer,39909,Jamaldi
JMD00434,Female,34,Mid-aged,Uneducated,Businessman,22140,Jamaldi
JMD00435,Male,21,Young,Educated,Student,10565,Jamaldi
JMD00436,Male,57,Old,Uneducated,Businessman,10260,Jamaldi
JMD00437,Female,36,Mid-aged,Uneducated,Farmer,16783,Jamaldi
JMD00438,Female,9,Children,Educated,Student,0,Jamaldi
JMD00439,Female,3,Children,Educated,Student,0,Jamaldi
JMD00440,Female,27,Mid-aged,Uneducated,Employee,30454,Jamaldi
JMD00441,Female,15,Young,Educated,Employee,16750,Jamaldi
JMD00442,Female,40,Mid-aged,Uneducated,Businessman,28518,Jamaldi
JMD00443,Female,34,Mid-aged,Uneducated,Farmer,16151,Jamaldi
JMD00444,Male,36,Mid-aged,Educated,Employee,26562,Jamaldi
JMD00445,Male,39,Mid-aged,Uneducated,Farmer,17497,Jamaldi
JMD00446,Female,3,Children,Uneducated,Student,0,Jamaldi
JMD00447,Male,6,Children,Uneducated,Student,0,Jamaldi
JMD00448,Female,22,Young,Uneducated,Student,1376,Jamaldi
JMD00449,Female,7,Children,Uneducated,Student,0,Jamaldi
JMD00450,Male,4,Children,Educated,Student,0,Jamaldi
JMD00451,Female,20,Young,Uneducated,Student,1993,Jamaldi
JMD00452,Female,39,Mid-aged,Educated,Employee,36289,Jamaldi
JMD00453,Female,56,Old,Educated,Farmer,11963,Jamaldi
JMD00454,Male,61,Old,Uneducated,Farmer,23174,Jamaldi
JMD00455,Female,4,Children,Uneducated,Student,0,Jamaldi
JMD00456,Male,22,Young,Educated,Employee,19872,Jamaldi
JMD00457,Female,15,Young,Educated,Employee,21559,Jamaldi
JMD00458,Male,33,Mid-aged,Educated,Farmer,26598,Jamaldi
JMD00459,Female,40,Mid-aged,Uneducated,Businessman,17209,Jamaldi
JMD00460,Female,44,Old,Educated,Farmer,20594,Jamaldi
JMD00461,Male,32,Mid-aged,Educated,Farmer,28887,Jamaldi
JMD00462,Male,9,Children,Uneducated,Student,0,Jamaldi
JMD00463,Female,1,Children,Educated,Student,0,Jamaldi
JMD00464,Female,37,Mid-aged,Educated,Farmer,23242,Jamaldi
JMD00465,Male,2,Children,Uneducated,Student,0,Jamaldi
JMD00466,Female,39,Mid-aged,Educated,Businessman,35652,Jamaldi
JMD00467,Female,18,Young,Educated,Student,14802,Jamaldi
JMD00468,Female,60,Old,Educated,Farmer,29941,Jamaldi
JMD00469,Female,25,Young,Educated,Student,14947,Jamaldi
JMD00470,Male,30,Mid-aged,Uneducated,Businessman,28183,Jamaldi
JMD00471,Female,0,Children,Educated,Student,0,Jamaldi
JMD00472,Female,31,Mid-aged,Uneducated,Farmer,17143,Jamaldi
JMD00473,Male,43,Old,Educated,Businessman,13106,Jamaldi
JMD00474,Female,11,Children,Educated,Student,0,Jamaldi
JMD00475,Male,24,Young,Uneducated,Student,12851,Jamaldi
JMD00476,Male,4,Children,Educated,Student,0,Jamaldi
JMD00477,Female,38,Mid-aged,Educated,Businessman,10153,Jamaldi
JMD00478,Female,47,Old,Uneducated,Businessman,17723,Jamaldi
JMD00479,Male,25,Young,Educated,Employee,18670,Jamaldi
JMD00480,Female,23,Young,Educated,Employee,21209,Jamaldi
JMD00481,Male,2,Children,Uneducated,Student,0,Jamaldi
JMD00482,Female,31,Mid-aged,Educated,Farmer,34075,Jamaldi
JMD00483,Male,29,Mid-aged,Educated,Farmer,17854,Jamaldi
JMD00484,Female,5,Children,Educated,Student,0,Jamaldi
JMD00485,Male,42,Old,Educated,Farmer,17603,Jamaldi
JMD00486,Female,16,Young,Uneducated,Student,5630,Jamaldi
JMD00487,Female,35,Mid-aged,Educated,Farmer,29024,Jamaldi
JMD00488,Male,2,Children,Uneducated,Student,0,Jamaldi
JMD00489,Male,41,Old,Uneducated,Businessman,12061,Jamaldi
JMD00490,Female,35,Mid-aged,Uneducated,Employee,23168,Jamaldi
JMD00491,Male,35,Mid-aged,Educated,Employee,39011,Jamaldi
JMD00492,Male,40,Mid-aged,Educated,Employee,36687,Jamaldi
JMD00493,Male,13,Young,Educated,Student,1280,Jamaldi
JMD00494,Male,21,Young,Educated,Student,4039,Jamaldi
JMD00495,Female,4,Children,Uneducated,Student,0,Jamaldi
JMD00496,Female,17,Young,Educated,Student,11366,Jamaldi
JMD00497,Male,51,Old,Educated,Farmer,20072,Jamaldi
JMD00498,Male,18,Young,Educated,Student,1700,Jamaldi
JMD00499,Female,4,Children,Educated,Student,0,Jamaldi
JMD00500,Male,21,Young,Uneducated,Employee,20819,Jamaldi
JMD00501,Male,30,Mid-aged,Uneducated,Employee,37198,Jamaldi
JMD00502,Female,32,Mid-aged,Educated,Employee,22116,Jamaldi
JMD00503,Female,33,Mid-aged,Educated,Businessman,15932,Jamaldi
JMD00504,Male,65,Old,Uneducated,Businessman,28981,Jamaldi
JMD00505,Male,23,Young,Uneducated,Employee,17647,Jamaldi
JMD00506,Female,51,Old,Educated,Farmer,13115,Jamaldi
JMD00507,Male,54,Old,Educated,Businessman,15054,Jamaldi
JMD00508,Male,54,Old,Educated,Businessman,12717,Jamaldi
JMD00509,Female,51,Old,Uneducated,Farmer,13135,Jamaldi
JMD00510,Male,14,Young,Educated,Student,14417,Jamaldi
JMD00511,Male,54,Old,Educated,Businessman,28650,Jamaldi
JMD00512,Female,14,Young,Educated,Student,7564,Jamaldi
JMD00513,Male,13,Young,Uneducated,Student,7463,Jamaldi
JMD00514,Female,51,Old,Educated,Farmer,21769,Jamaldi
JMD00515,Male,28,Mid-aged,Educated,Farmer,10232,Jamaldi
JMD00516,Female,13,Young,Educated,Employee,17869,Jamaldi
JMD00517,Male,35,Mid-aged,Educated,Farmer,16321,Jamaldi
JMD00518,Female,26,Mid-aged,Educated,Farmer,39637,Jamaldi
JMD00519,Male,2,Children,Uneducated,Student,0,Jamaldi
JMD00520,Female,64,Old,Educated,Farmer,14356,Jamaldi
JMD00521,Male,55,Old,Educated,Farmer,22807,Jamaldi
JMD00522,Male,52,Old,Uneducated,Businessman,27353,Jamaldi
JMD00523,Female,0,Children,Educated,Student,0,Jamaldi
JMD00524,Female,16,Young,Uneducated,Student,13913,Jamaldi
JMD00525,Male,14,Young,Uneducated,Employee,17081,Jamaldi
JMD00526,Female,1,Children,Uneducated,Student,0,Jamaldi
JMD00527,Male,21,Young,Uneducated,Employee,15894,Jamaldi
JMD00528,Female,51,Old,Educated,Farmer,23928,Jamaldi
JMD00529,Male,27,Mid-aged,Educated,Businessman,15866,Jamaldi
JMD00530,Male,2,Children,Educated,Student,0,Jamaldi
JMD00531,Female,9,Children,Educated,Student,0,Jamaldi
JMD00532,Female,58,Old,Educated,Farmer,11890,Jamaldi
JMD00533,Male,3,Children,Educated,Student,0,Jamaldi
JMD00534,Male,23,Young,Uneducated,Student,10261,Jamaldi
JMD00535,Female,33,Mid-aged,Educated,Businessman,36996,Jamaldi
JMD00536,Female,60,Old,Educated,Farmer,13982,Jamaldi
JMD00537,Male,37,Mid-aged,Educated,Businessman,11780,Jamaldi
JMD00538,Female,3,Children,Educated,Student,0,Jamaldi
JMD00539,Male,0,Children,Educated,Student,0,Jamaldi
JMD00540,Female,8,Children,Uneducated,Student,0,Jamaldi
JMD00541,Female,28,Mid-aged,Uneducated,Employee,39908,Jamaldi
JMD00542,Female,35,Mid-aged,Educated,Employee,29157,Jamaldi
JMD00543,Male,30,Mid-aged,Educated,Businessman,39474,Jamaldi
JMD00544,Female,5,Children,Educated,Student,0,Jamaldi
JMD00545,Male,17,Young,Uneducated,Student,5087,Jamaldi
JMD00546,Male,25,Young,Uneducated,Employee,20076,Jamaldi
JMD00547,Male,29,Mid-aged,Educated,Employee,38570,Jamaldi
JMD00548,Male,12,Children,Uneducated,Student,0,Jamaldi
JMD00549,Female,2,Children,Educated,Student,0,Jamaldi
JMD00550,Male,44,Old,Uneducated,Farmer,22627,Jamaldi
JMD00551,Male,18,Young,Educated,Employee,17006,Jamaldi
JMD00552,Female,10,Children,Educated,Student,0,Jamaldi
JMD00553,Female,65,Old,Educated,Farmer,15522,Jamaldi
JMD00554,Female,12,Children,Educated,Student,0,Jamaldi
JMD00555,Female,14,Young,Uneducated,Student,2388,Jamaldi
JMD00556,Male,53,Old,Educated,Farmer,18981,Jamaldi
JMD00557,Female,34,Mid-aged,Educated,Businessman,23939,Jamaldi
JMD00558,Female,27,Mid-aged,Uneducated,Farmer,27065,Jamaldi
JMD00559,Female,3,Children,Uneducated,Student,0,Jamaldi
JMD00560,Male,5,Children,Educated,Student,0,Jamaldi
JMD00561,Female,27,Mid-aged,Uneducated,Businessman,37866,Jamaldi
JMD00562,Male,51,Old,Educated,Businessman,22437,Jamaldi
JMD00563,Male,40,Mid-aged,Uneducated,Businessman,30018,Jamaldi
JMD00564,Male,14,Young,Educated,Student,14014,Jamaldi
JMD00565,Female,29,Mid-aged,Uneducated,Employee,13357,Jamaldi
JMD00566,Female,39,Mid-aged,Educated,Farmer,28831,Jamaldi
JMD00567,Female,11,Children,Educated,Student,0,Jamaldi
JMD00568,Female,13,Young,Educated,Employee,15046,Jamaldi
JMD00569,Female,1,Children,Educated,Student,0,Jamaldi
JMD00570,Male,21,Young,Educated,Employee,15993,Jamaldi
JMD00571,Male,18,Young,Educated,Employee,20088,Jamaldi
JMD00572,Female,14,Young,Educated,Employee,19417,Jamaldi
JMD00573,Male,8,Children,Educated,Student,0,Jamaldi
JMD00574,Female,4,Children,Educated,Student,0,Jamaldi
JMD00575,Female,29,Mid-aged,Uneducated,Farmer,20347,Jamaldi
JMD00576,Female,2,Children,Educated,Student,0,Jamaldi
JMD00577,Male,0,Children,Uneducated,Student,0,Jamaldi
JMD00578,Female,35,Mid-aged,Uneducated,Businessman,29009,Jamaldi
JMD00579,Male,15,Young,Uneducated,Employee,18191,Jamaldi
JMD00580,Female,25,Young,Educated,Student,15586,Jamaldi
JMD00581,Male,18,Young,Uneducated,Student,1592,Jamaldi
JMD00582,Male,60,Old,Uneducated,Businessman,15563,Jamaldi
JMD00583,Male,29,Mid-aged,Educated,Farmer,26774,Jamaldi
JMD00584,Male,58,Old,Educated,Businessman,24545,Jamaldi
JMD00585,Female,41,Old,Educated,Farmer,21430,Jamaldi
JMD00586,Male,2,Children,Educated,Student,0,Jamaldi
JMD00587,Female,3,Children,Uneducated,Student,0,Jamaldi
JMD00588,Female,28,Mid-aged,Uneducated,Farmer,38298,Jamaldi
JMD00589,Female,54,Old,Educated,Businessman,27879,Jamaldi
JMD00590,Male,39,Mid-aged,Educated,Farmer,32482,Jamaldi
JMD00591,Male,13,Young,Educated,Student,11362,Jamaldi
JMD00592,Female,44,Old,Uneducated,Businessman,11710,Jamaldi
JMD00593,Female,5,Children,Educated,Student,0,Jamaldi
JMD00594,Male,4,Children,Educated,Student,0,Jamaldi
JMD00595,Male,25,Young,Uneducated,Student,3394,Jamaldi
JMD00596,Female,3,Children,Uneducated,Student,0,Jamaldi
JMD00597,Female,6,Children,Uneducated,Student,0,Jamaldi
JMD00598,Male,28,Mid-aged,Uneducated,Employee,28569,Jamaldi
JMD00599,Female,40,Mid-aged,Educated,Employee,19160,Jamaldi
JMD00600,Male,52,Old,Educated,Farmer,24932,Jamaldi
JMD00601,Female,10,Children,Educated,Student,0,Jamaldi
JMD00602,Female,15,Young,Educated,Student,5421,Jamaldi
JMD00603,Female,39,Mid-aged,Uneducated,Employee,34906,Jamaldi
JMD00604,Male,7,Children,Educated,Student,0,Jamaldi
JMD00605,Male,22,Young,Uneducated,Employee,15043,Jamaldi
JMD00606,Female,13,Young,Educated,Student,12324,Jamaldi
JMD00607,Male,22,Young,Educated,Student,8951,Jamaldi
JMD00608,Male,34,Mid-aged,Educated,Farmer,18345,Jamaldi
JMD00609,Female,24,Young,Uneducated,Employee,21084,Jamaldi
JMD00610,Male,63,Old,Uneducated,Businessman,17061,Jamaldi
JMD00611,Male,18,Young,Uneducated,Employee,19810,Jamaldi
JMD00612,Female,21,Young,Uneducated,Student,16621,Jamaldi
JMD00613,Female,11,Children,Uneducated,Student,0,Jamaldi
JMD00614,Female,23,Young,Educated,Student,13455,Jamaldi
JMD00615,Female,25,Young,Educated,Employee,17468,Jamaldi
JMD00616,Female,13,Young,Educated,Student,12334,Jamaldi
JMD00617,Male,57,Old,Uneducated,Farmer,20733,Jamaldi
JMD00618,Male,29,Mid-aged,Educated,Businessman,39567,Jamaldi
JMD00619,Male,30,Mid-aged,Uneducated,Farmer,16849,Jamaldi
JMD00620,Male,42,Old,Educated,Businessman,13471,Jamaldi
JMD00621,Male,16,Young,Educated,Student,11871,Jamaldi
JMD00622,Female,33,Mid-aged,Educated,Employee,35949,Jamaldi
JMD00623,Male,6,Children,Educated,Student,0,Jamaldi
JMD00624,Male,11,Children,Educated,Student,0,Jamaldi
JMD00625,Male,20,Young,Educated,Employee,15494,Jamaldi
JMD00626,Female,13,Young,Uneducated,Student,9261,Jamaldi
JMD00627,Female,65,Old,Educated,Farmer,27618,Jamaldi
JMD00628,Female,62,Old,Educated,Businessman,10280,Jamaldi
JMD00629,Male,6,Children,Educated,Student,0,Jamaldi
JMD00630,Male,24,Young,Educated,Employee,16835,Jamaldi
JMD00631,Male,24,Young,Educated,Employee,15327,Jamaldi
JMD00632,Female,47,Old,Educated,Farmer,10280,Jamaldi
JMD00633,Female,53,Old,Educated,Farmer,18721,Jamaldi
JMD00634,Female,48,Old,Educated,Businessman,29100,Jamaldi
JMD00635,Male,41,Old,Uneducated,Farmer,28100,Jamaldi
JMD00636,Female,46,Old,Uneducated,Farmer,14429,Jamaldi
JMD00637,Male,52,Old,Educated,Farmer,14580,Jamaldi
JMD00638,Female,6,Children,Educated,Student,0,Jamaldi
JMD00639,Female,55,Old,Uneducated,Businessman,17624,Jamaldi
JMD00640,Male,0,Children,Educated,Student,0,Jamaldi
JMD00641,Female,24,Young,Uneducated,Employee,15672,Jamaldi
JMD00642,Male,31,Mid-aged,Uneducated,Farmer,16214,Jamaldi
JMD00643,Female,14,Young,Educated,Employee,16786,Jamaldi
JMD00644,Female,27,Mid-aged,Educated,Businessman,24440,Jamaldi
JMD00645,Male,16,Young,Educated,Student,5424,Jamaldi
JMD00646,Male,16,Young,Uneducated,Student,8287,Jamaldi
JMD00647,Female,38,Mid-aged,Uneducated,Businessman,21995,Jamaldi
JMD00648,Male,16,Young,Uneducated,Employee,16357,Jamaldi
JMD00649,Male,44,Old,Uneducated,Farmer,24619,Jamaldi
JMD00650,Male,18,Young,Educated,Student,13381,Jamaldi
JMD00651,Female,11,Children,Uneducated,Student,0,Jamaldi
JMD00652,Male,12,Children,Educated,Student,0,Jamaldi
JMD00653,Female,39,Mid-aged,Educated,Employee,24509,Jamaldi
JMD00654,Female,20,Young,Educated,Student,1584,Jamaldi
JMD00655,Male,24,Young,Educated,Student,7192,Jamaldi
JMD00656,Male,28,Mid-aged,Educated,Businessman,39291,Jamaldi
JMD00657,Female,58,Old,Educated,Farmer,20517,Jamaldi
JMD00658,Male,7,Children,Uneducated,Student,0,Jamaldi
JMD00659,Female,54,Old,Uneducated,Businessman,17426,Jamaldi
JMD00660,Male,2,Children,Educated,Student,0,Jamaldi
JMD00661,Male,31,Mid-aged,Uneducated,Businessman,18887,Jamaldi
JMD00662,Male,55,Old,Educated,Farmer,18286,Jamaldi
JMD00663,Male,20,Young,Educated,Employee,17109,Jamaldi
JMD00664,Female,21,Young,Educated,Student,15038,Jamaldi
JMD00665,Female,6,Children,Educated,Student,0,Jamaldi
JMD00666,Female,39,Mid-aged,Educated,Farmer,30839,Jamaldi
JMD00667,Male,54,Old,Uneducated,Businessman,11855,Jamaldi
JMD00668,Male,9,Children,Uneducated,Student,0,Jamaldi
JMD00669,Male,20,Young,Educated,Student,9225,Jamaldi
JMD00670,Male,60,Old,Educated,Businessman,13459,Jamaldi
JMD00671,Male,4,Children,Educated,Student,0,Jamaldi
JMD00672,Female,21,Young,Uneducated,Student,2973,Jamaldi
JMD00673,Female,18,Young,Uneducated,Employee,18283,Jamaldi
JMD00674,Male,56,Old,Educated,Businessman,27875,Jamaldi
JMD00675,Female,0,Children,Educated,Student,0,Jamaldi
JMD00676,Female,24,Young,Educated,Employee,16055,Jamaldi
JMD00677,Male,47,Old,Educated,Businessman,21247,Jamaldi
JMD00678,Female,15,Young,Educated,Employee,21118,Jamaldi
JMD00679,Male,13,Young,Uneducated,Student,4149,Jamaldi
JMD00680,Male,11,Children,Educated,Student,0,Jamaldi
JMD00681,Female,36,Mid-aged,Uneducated,Businessman,31698,Jamaldi
JMD00682,Female,48,Old,Uneducated,Farmer,29966,Jamaldi
JMD00683,Male,24,Young,Educated,Employee,20766,Jamaldi
JMD00684,Female,25,Young,Uneducated,Employee,18368,Jamaldi
JMD00685,Female,38,Mid-aged,Uneducated,Farmer,35760,Jamaldi
JMD00686,Male,33,Mid-aged,Uneducated,Farmer,14812,Jamaldi
JMD00687,Male,56,Old,Uneducated,Businessman,12490,Jamaldi
JMD00688,Female,16,Young,Uneducated,Student,10815,Jamaldi
JMD00689,Male,35,Mid-aged,Uneducated,Businessman,15228,Jamaldi
JMD00690,Male,29,Mid-aged,Educated,Businessman,10736,Jamaldi
JMD00691,Male,42,Old,Uneducated,Farmer,21166,Jamaldi
JMD00692,Male,50,Old,Uneducated,Farmer,15107,Jamaldi
JMD00693,Female,31,Mid-aged,Uneducated,Employee,32555,Jamaldi
JMD00694,Female,11,Children,Uneducated,Student,0,Jamaldi
JMD00695,Female,47,Old,Uneducated,Businessman,21127,Jamaldi
JMD00696,Female,1,Children,Uneducated,Student,0,Jamaldi
JMD00697,Male,4,Children,Educated,Student,0,Jamaldi
JMD00698,Male,42,Old,Uneducated,Farmer,13176,Jamaldi
JMD00699,Female,64,Old,Educated,Businessman,12050,Jamaldi
JMD00700,Male,7,Children,Educated,Student,0,Jamaldi
JMD00701,Female,18,Young,Educated,Student,10742,Jamaldi
JMD00702,Female,20,Young,Educated,Student,11196,Jamaldi
JMD00703,Female,16,Young,Educated,Student,14195,Jamaldi
JMD00704,Male,5,Children,Educated,Student,0,Jamaldi
JMD00705,Male,16,Young,Uneducated,Student,1925,Jamaldi
JMD00706,Male,32,Mid-aged,Uneducated,Employee,28355,Jamaldi
JMD00707,Female,3,Children,Uneducated,Student,0,Jamaldi
JMD00708,Male,7,Children,Uneducated,Student,0,Jamaldi
JMD00709,Female,21,Young,Uneducated,Student,8891,Jamaldi
JMD00710,Female,8,Children,Uneducated,Student,0,Jamaldi
JMD00711,Female,41,Old,Educated,Farmer,28118,Jamaldi
JMD00712,Female,27,Mid-aged,Educated,Employee,34118,Jamaldi
JMD00713,Male,4,Children,Educated,Student,0,Jamaldi
JMD00714,Male,22,Young,Educated,Employee,17631,Jamaldi
JMD00715,Male,18,Young,Educated,Employee,20034,Jamaldi
JMD00716,Male,56,Old,Educated,Businessman,23415,Jamaldi
JMD00717,Female,14,Young,Educated,Employee,20978,Jamaldi
JMD00718,Male,20,Young,Uneducated,Student,13158,Jamaldi
JMD00719,Male,39,Mid-aged,Educated,Employee,28508,Jamaldi
JMD00720,Female,49,Old,Uneducated,Businessman,11908,Jamaldi
JMD00721,Male,2,Children,Educated,Student,0,Jamaldi
JMD00722,Female,49,Old,Educated,Farmer,11663,Jamaldi
JMD00723,Female,9,Children,Educated,Student,0,Jamaldi
JMD00724,Female,1,Children,Educated,Student,0,Jamaldi
JMD00725,Female,9,Children,Educated,Student,0,Jamaldi
JMD00726,Female,0,Children,Educated,Student,0,Jamaldi
JMD00727,Male,57,Old,Educated,Farmer,19534,Jamaldi
JMD00728,Female,17,Young,Educated,Employee,21013,Jamaldi
JMD00729,Female,28,Mid-aged,Educated,Businessman,24684,Jamaldi
JMD00730,Female,59,Old,Uneducated,Farmer,13677,Jamaldi
JMD00731,Female,30,Mid-aged,Uneducated,Farmer,11761,Jamaldi
JMD00732,Male,58,Old,Uneducated,Farmer,18118,Jamaldi
JMD00733,Male,58,Old,Educated,Businessman,28649,Jamaldi
JMD00734,Female,20,Young,Educated,Employee,19664,Jamaldi
JMD00735,Female,39,Mid-aged,Educated,Farmer,19133,Jamaldi
JMD00736,Male,17,Young,Uneducated,Employee,19687,Jamaldi
JMD00737,Female,6,Children,Educated,Student,0,Jamaldi
JMD00738,Male,15,Young,Uneducated,Student,13360,Jamaldi
JMD00739,Female,29,Mid-aged,Uneducated,Farmer,13581,Jamaldi
JMD00740,Female,47,Old,Educated,Businessman,13194,Jamaldi
JMD00741,Female,24,Young,Educated,Employee,21583,Jamaldi
JMD00742,Female,20,Young,Uneducated,Employee,16837,Jamaldi
JMD00743,Female,5,Children,Uneducated,Student,0,Jamaldi
JMD00744,Female,41,Old,Uneducated,Businessman,18896,Jamaldi
JMD00745,Female,2,Children,Uneducated,Student,0,Jamaldi
JMD00746,Female,9,Children,Uneducated,Student,0,Jamaldi
JMD00747,Female,40,Mid-aged,Educated,Farmer,15218,Jamaldi
JMD00748,Female,37,Mid-aged,Uneducated,Businessman,27953,Jamaldi
JMD00749,Female,8,Children,Uneducated,Student,0,Jamaldi
JMD00750,Male,5,Children,Educated,Student,0,Jamaldi
JMD00751,Female,10,Children,Educated,Student,0,Jamaldi
JMD00752,Male,3,Children,Educated,Student,0,Jamaldi
JMD00753,Male,30,Mid-aged,Educated,Farmer,37682,Jamaldi
JMD00754,Male,18,Young,Educated,Employee,22000,Jamaldi
JMD00755,Female,59,Old,Uneducated,Businessman,28424,Jamaldi
JMD00756,Female,8,Children,Uneducated,Student,0,Jamaldi
JMD00757,Female,6,Children,Uneducated,Student,0,Jamaldi
JMD00758,Male,59,Old,Uneducated,Businessman,28243,Jamaldi
JMD00759,Female,20,Young,Educated,Student,10603,Jamaldi
JMD00760,Female,33,Mid-aged,Educated,Businessman,36207,Jamaldi
JMD00761,Female,28,Mid-aged,Educated,Farmer,16846,Jamaldi
JMD00762,Female,14,Young,Educated,Student,13546,Jamaldi
JMD00763,Female,17,Young,Educated,Student,10671,Jamaldi
JMD00764,Male,40,Mid-aged,Educated,Employee,19756,Jamaldi
JMD00765,Male,48,Old,Educated,Farmer,24926,Jamaldi
JMD00766,Female,28,Mid-aged,Educated,Businessman,39048,Jamaldi
JMD00767,Male,24,Young,Uneducated,Employee,18836,Jamaldi
JMD00768,Female,58,Old,Uneducated,Farmer,22866,Jamaldi
JMD00769,Female,40,Mid-aged,Educated,Employee,21887,Jamaldi
JMD00770,Male,18,Young,Uneducated,Employee,16970,Jamaldi
JMD00771,Female,9,Children,Educated,Student,0,Jamaldi
JMD00772,Female,29,Mid-aged,Uneducated,Farmer,22829,Jamaldi
JMD00773,Male,31,Mid-aged,Educated,Businessman,27831,Jamaldi
JMD00774,Female,13,Young,Educated,Employee,17182,Jamaldi
JMD00775,Male,42,Old,Educated,Businessman,27180,Jamaldi
JMD00776,Male,37,Mid-aged,Educated,Businessman,24167,Jamaldi
JMD00777,Female,2,Children,Educated,Student,0,Jamaldi
JMD00778,Male,63,Old,Educated,Farmer,16869,Jamaldi
JMD00779,Female,25,Young,Uneducated,Student,16926,Jamaldi
JMD00780,Female,23,Young,Uneducated,Employee,19294,Jamaldi
JMD00781,Male,58,Old,Uneducated,Businessman,10919,Jamaldi
JMD00782,Male,64,Old,Educated,Businessman,28181,Jamaldi
JMD00783,Male,38,Mid-aged,Educated,Farmer,35789,Jamaldi
JMD00784,Female,38,Mid-aged,Educated,Employee,17646,Jamaldi
JMD00785,Male,32,Mid-aged,Educated,Businessman,39163,Jamaldi
JMD00786,Female,36,Mid-aged,Uneducated,Businessman,39966,Jamaldi
JMD00787,Female,6,Children,Educated,Student,0,Jamaldi
JMD00788,Female,30,Mid-aged,Uneducated,Employee,31955,Jamaldi
JMD00789,Female,46,Old,Educated,Farmer,12714,Jamaldi
JMD00790,Male,4,Children,Uneducated,Student,0,Jamaldi
JMD00791,Male,3,Children,Educated,Student,0,Jamaldi
JMD00792,Female,1,Children,Educated,Student,0,Jamaldi
JMD00793,Female,10,Children,Educated,Student,0,Jamaldi
JMD00794,Female,2,Children,Educated,Student,0,Jamaldi
JMD00795,Male,5,Children,Educated,Student,0,Jamaldi
JMD00796,Male,13,Young,Uneducated,Employee,15624,Jamaldi
JMD00797,Male,1,Children,Educated,Student,0,Jamaldi
JMD00798,Male,15,Young,Educated,Student,15969,Jamaldi
JMD00799,Male,58,Old,Educated,Farmer,16735,Jamaldi
JMD00800,Male,20,Young,Uneducated,Employee,17671,Jamaldi
JMD00801,Female,21,Young,Educated,Employee,16523,Jamaldi
JMD00802,Female,54,Old,Educated,Businessman,15346,Jamaldi
JMD00803,Female,22,Young,Educated,Employee,17758,Jamaldi
JMD00804,Male,27,Mid-aged,Educated,Businessman,29611,Jamaldi
JMD00805,Male,17,Young,Uneducated,Employee,15766,Jamaldi
JMD00806,Male,23,Young,Uneducated,Student,16337,Jamaldi
JMD00807,Female,24,Young,Uneducated,Employee,17394,Jamaldi
JMD00808,Male,17,Young,Educated,Student,9503,Jamaldi
JMD00809,Female,24,Young,Uneducated,Employee,15763,Jamaldi
JMD00810,Female,23,Young,Educated,Employee,16662,Jamaldi
JMD00811,Female,30,Mid-aged,Uneducated,Businessman,35679,Jamaldi
JMD00812,Male,28,Mid-aged,Educated,Businessman,36822,Jamaldi
JMD00813,Male,20,Young,Uneducated,Student,1143,Jamaldi
JMD00814,Male,4,Children,Educated,Student,0,Jamaldi
JMD00815,Female,40,Mid-aged,Uneducated,Businessman,18142,Jamaldi
JMD00816,Female,21,Young,Educated,Student,9394,Jamaldi
JMD00817,Male,18,Young,Uneducated,Employee,18255,Jamaldi
JMD00818,Female,16,Young,Educated,Employee,17834,Jamaldi
JMD00819,Male,10,Children,Educated,Student,0,Jamaldi
JMD00820,Male,23,Young,Educated,Employee,17254,Jamaldi
JMD00821,Female,39,Mid-aged,Educated,Employee,19542,Jamaldi
JMD00822,Female,58,Old,Educated,Farmer,14595,Jamaldi
JMD00823,Female,51,Old,Educated,Businessman,14473,Jamaldi
JMD00824,Male,59,Old,Educated,Farmer,26751,Jamaldi
JMD00825,Male,36,Mid-aged,Educated,Employee,25671,Jamaldi
JMD00826,Female,9,Children,Uneducated,Student,0,Jamaldi
JMD00827,Female,27,Mid-aged,Educated,Employee,19544,Jamaldi
JMD00828,Female,14,Young,Educated,Employee,17632,Jamaldi
JMD00829,Female,41,Old,Uneducated,Businessman,12611,Jamaldi
JMD00830,Female,5,Children,Uneducated,Student,0,Jamaldi
JMD00831,Female,28,Mid-aged,Educated,Employee,18378,Jamaldi
JMD00832,Male,39,Mid-aged,Uneducated,Farmer,14363,Jamaldi
JMD00833,Female,37,Mid-aged,Educated,Businessman,36534,Jamaldi
JMD00834,Female,14,Young,Educated,Employee,16504,Jamaldi
JMD00835,Male,52,Old,Educated,Farmer,23547,Jamaldi
JMD00836,Female,61,Old,Uneducated,Farmer,26188,Jamaldi
JMD00837,Male,11,Children,Educated,Student,0,Jamaldi
JMD00838,Female,2,Children,Educated,Student,0,Jamaldi
JMD00839,Female,44,Old,Uneducated,Businessman,20594,Jamaldi
JMD00840,Female,12,Children,Uneducated,Student,0,Jamaldi
JMD00841,Male,13,Young,Educated,Employee,15239,Jamaldi
JMD00842,Female,21,Young,Educated,Employee,15795,Jamaldi
JMD00843,Female,2,Children,Educated,Student,0,Jamaldi
JMD00844,Male,30,Mid-aged,Educated,Businessman,24410,Jamaldi
JMD00845,Female,44,Old,Uneducated,Businessman,23990,Jamaldi
JMD00846,Male,36,Mid-aged,Educated,Farmer,29426,Jamaldi
JMD00847,Female,26,Mid-aged,Uneducated,Businessman,32863,Jamaldi
JMD00848,Female,28,Mid-aged,Educated,Businessman,12235,Jamaldi
JMD00849,Female,27,Mid-aged,Educated,Farmer,10622,Jamaldi
JMD00850,Male,15,Young,Educated,Student,5962,Jamaldi
JMD00851,Male,32,Mid-aged,Uneducated,Employee,38487,Jamaldi
JMD00852,Female,12,Children,Uneducated,Student,0,Jamaldi
JMD00853,Male,15,Young,Educated,Employee,18999,Jamaldi
JMD00854,Male,14,Young,Educated,Student,14952,Jamaldi
JMD00855,Female,30,Mid-aged,Educated,Businessman,11632,Jamaldi
JMD00856,Male,23,Young,Educated,Student,4168,Jamaldi
JMD00857,Male,50,Old,Educated,Farmer,22865,Jamaldi
JMD00858,Female,15,Young,Uneducated,Student,14759,Jamaldi
JMD00859,Male,57,Old,Educated,Farmer,23071,Jamaldi
JMD00860,Male,1,Children,Educated,Student,0,Jamaldi
JMD00861,Male,21,Young,Educated,Employee,16471,Jamaldi
JMD00862,Female,30,Mid-aged,Educated,Farmer,12987,Jamaldi
JMD00863,Male,10,Children,Uneducated,Student,0,Jamaldi
JMD00864,Female,17,Young,Uneducated,Student,1500,Jamaldi
JMD00865,Male,6,Children,Educated,Student,0,Jamaldi
JMD00866,Female,40,Mid-aged,Educated,Farmer,26159,Jamaldi
JMD00867,Male,12,Children,Educated,Student,0,Jamaldi
JMD00868,Female,30,Mid-aged,Uneducated,Farmer,15704,Jamaldi
JMD00869,Male,25,Young,Uneducated,Student,15629,Jamaldi
JMD00870,Male,29,Mid-aged,Educated,Businessman,34003,Jamaldi
JMD00871,Male,24,Young,Uneducated,Student,1076,Jamaldi
JMD00872,Female,52,Old,Uneducated,Farmer,10510,Jamaldi
JMD00873,Male,5,Children,Uneducated,Student,0,Jamaldi
JMD00874,Female,20,Young,Educated,Employee,18069,Jamaldi
JMD00875,Female,34,Mid-aged,Uneducated,Businessman,28125,Jamaldi
JMD00876,Male,55,Old,Educated,Businessman,28267,Jamaldi
JMD00877,Male,16,Young,Uneducated,Student,10464,Jamaldi
JMD00878,Male,17,Young,Educated,Student,7664,Jamaldi
JMD00879,Female,52,Old,Uneducated,Businessman,22001,Jamaldi
JMD00880,Female,4,Children,Educated,Student,0,Jamaldi
JMD00881,Female,54,Old,Educated,Businessman,13405,Jamaldi
JMD00882,Female,23,Young,Uneducated,Student,13079,Jamaldi
JMD00883,Male,34,Mid-aged,Uneducated,Employee,33752,Jamaldi
JMD00884,Male,37,Mid-aged,Uneducated,Businessman,28225,Jamaldi
JMD00885,Male,26,Mid-aged,Uneducated,Employee,12028,Jamaldi
JMD00886,Male,16,Young,Uneducated,Employee,19916,Jamaldi
JMD00887,Male,21,Young,Uneducated,Employee,18029,Jamaldi
JMD00888,Female,19,Young,Educated,Student,6241,Jamaldi
JMD00889,Male,22,Young,Uneducated,Student,11467,Jamaldi
JMD00890,Male,24,Young,Educated,Employee,15048,Jamaldi
JMD00891,Male,40,Mid-aged,Uneducated,Businessman,10452,Jamaldi
JMD00892,Male,60,Old,Educated,Businessman,15120,Jamaldi
JMD00893,Female,1,Children,Uneducated,Student,0,Jamaldi
JMD00894,Male,30,Mid-aged,Educated,Businessman,19267,Jamaldi
JMD00895,Female,21,Young,Educated,Employee,16126,Jamaldi
JMD00896,Female,38,Mid-aged,Educated,Businessman,17284,Jamaldi
JMD00897,Female,29,Mid-aged,Uneducated,Employee,28451,Jamaldi
JMD00898,Female,19,Young,Uneducated,Student,9850,Jamaldi
JMD00899,Female,22,Young,Educated,Student,8590,Jamaldi
JMD00900,Female,14,Young,Educated,Employee,16097,Jamaldi
JMD00901,Male,0,Children,Uneducated,Student,0,Jamaldi
JMD00902,Male,22,Young,Educated,Employee,19253,Jamaldi
JMD00903,Female,51,Old,Educated,Farmer,22309,Jamaldi
JMD00904,Male,38,Mid-aged,Uneducated,Employee,29174,Jamaldi
JMD00905,Female,8,Children,Educated,Student,0,Jamaldi
JMD00906,Male,30,Mid-aged,Uneducated,Businessman,19389,Jamaldi
JMD00907,Male,60,Old,Educated,Businessman,19042,Jamaldi
JMD00908,Female,2,Children,Uneducated,Student,0,Jamaldi
JMD00909,Male,31,Mid-aged,Educated,Employee,38772,Jamaldi
JMD00910,Male,3,Children,Uneducated,Student,0,Jamaldi
JMD00911,Male,25,Young,Uneducated,Student,10855,Jamaldi
JMD00912,Male,42,Old,Educated,Businessman,17172,Jamaldi
JMD00913,Female,9,Children,Uneducated,Student,0,Jamaldi
JMD00914,Female,16,Young,Uneducated,Employee,18938,Jamaldi
JMD00915,Male,23,Young,Educated,Student,10238,Jamaldi
JMD00916,Male,14,Young,Educated,Student,12819,Jamaldi
JMD00917,Female,19,Young,Educated,Student,14682,Jamaldi
JMD00918,Female,38,Mid-aged,Educated,Farmer,16933,Jamaldi
JMD00919,Female,9,Children,Educated,Student,0,Jamaldi
JMD00920,Female,0,Children,Uneducated,Student,0,Jamaldi
JMD00921,Female,25,Young,Uneducated,Student,9119,Jamaldi
JMD00922,Female,46,Old,Uneducated,Businessman,21531,Jamaldi
JMD00923,Male,3,Children,Educated,Student,0,Jamaldi
JMD00924,Male,64,Old,Educated,Farmer,29992,Jamaldi
JMD00925,Male,29,Mid-aged,Educated,Businessman,28577,Jamaldi
JMD00926,Female,11,Children,Uneducated,Student,0,Jamaldi
JMD00927,Female,1,Children,Educated,Student,0,Jamaldi
JMD00928,Male,30,Mid-aged,Uneducated,Farmer,16218,Jamaldi
JMD00929,Male,12,Children,Educated,Student,0,Jamaldi
JMD00930,Female,10,Children,Educated,Student,0,Jamaldi
JMD00931,Female,25,Young,Educated,Employee,16478,Jamaldi
JMD00932,Female,26,Mid-aged,Educated,Employee,33288,Jamaldi
JMD00933,Male,17,Young,Educated,Employee,21447,Jamaldi
JMD00934,Male,37,Mid-aged,Uneducated,Farmer,29999,Jamaldi
JMD00935,Female,11,Children,Uneducated,Student,0,Jamaldi
JMD00936,Male,12,Children,Educated,Student,0,Jamaldi
JMD00937,Male,14,Young,Uneducated,Employee,15549,Jamaldi
JMD00938,Female,13,Young,Educated,Student,9560,Jamaldi
JMD00939,Male,52,Old,Educated,Farmer,26080,Jamaldi
JMD00940,Female,46,Old,Educated,Businessman,21991,Jamaldi
JMD00941,Male,43,Old,Educated,Farmer,11913,Jamaldi
JMD00942,Female,32,Mid-aged,Educated,Businessman,18597,Jamaldi
JMD00943,Female,50,Old,Uneducated,Farmer,23493,Jamaldi
JMD00944,Male,17,Young,Educated,Student,432,Jamaldi
JMD00945,Male,32,Mid-aged,Educated,Employee,34524,Jamaldi
JMD00946,Male,30,Mid-aged,Uneducated,Businessman,28866,Jamaldi
JMD00947,Female,34,Mid-aged,Educated,Businessman,23341,Jamaldi
JMD00948,Male,13,Young,Educated,Student,9911,Jamaldi
JMD00949,Female,35,Mid-aged,Educated,Farmer,29220,Jamaldi
JMD00950,Female,1,Children,Uneducated,Student,0,Jamaldi
JMD00951,Male,20,Young,Educated,Student,2515,Jamaldi
JMD00952,Female,21,Young,Educated,Student,10824,Jamaldi
JMD00953,Male,8,Children,Uneducated,Student,0,Jamaldi
JMD00954,Male,19,Young,Uneducated,Employee,17181,Jamaldi
JMD00955,Male,46,Old,Educated,Businessman,13344,Jamaldi
JMD00956,Male,3,Children,Educated,Student,0,Jamaldi
JMD00957,Male,29,Mid-aged,Educated,Farmer,28352,Jamaldi
JMD00958,Female,16,Young,Uneducated,Employee,21051,Jamaldi
JMD00959,Male,12,Children,Educated,Student,0,Jamaldi
JMD00960,Female,44,Old,Educated,Businessman,17178,Jamaldi
JMD00961,Male,21,Young,Uneducated,Student,1822,Jamaldi
JMD00962,Male,27,Mid-aged,Educated,Employee,21988,Jamaldi
JMD00963,Female,5,Children,Educated,Student,0,Jamaldi
JMD00964,Male,28,Mid-aged,Uneducated,Employee,17408,Jamaldi
JMD00965,Female,6,Children,Uneducated,Student,0,Jamaldi
JMD00966,Male,51,Old,Educated,Farmer,10010,Jamaldi
JMD00967,Female,5,Children,Educated,Student,0,Jamaldi
JMD00968,Female,11,Children,Uneducated,Student,0,Jamaldi
JMD00969,Male,2,Children,Educated,Student,0,Jamaldi
JMD00970,Male,28,Mid-aged,Educated,Businessman,16224,Jamaldi
JMD00971,Male,58,Old,Uneducated,Businessman,27588,Jamaldi
JMD00972,Male,26,Mid-aged,Uneducated,Businessman,14772,Jamaldi
JMD00973,Female,9,Children,Uneducated,Student,0,Jamaldi
JMD00974,Male,2,Children,Educated,Student,0,Jamaldi
JMD00975,Male,34,Mid-aged,Uneducated,Farmer,13722,Jamaldi
JMD00976,Female,18,Young,Educated,Employee,16232,Jamaldi
JMD00977,Female,7,Children,Uneducated,Student,0,Jamaldi
JMD00978,Female,33,Mid-aged,Uneducated,Farmer,37616,Jamaldi
JMD00979,Male,54,Old,Uneducated,Farmer,14454,Jamaldi
JMD00980,Male,25,Young,Educated,Student,11132,Jamaldi
JMD00981,Female,7,Children,Uneducated,Student,0,Jamaldi
JMD00982,Female,32,Mid-aged,Uneducated,Farmer,35504,Jamaldi
JMD00983,Male,30,Mid-aged,Educated,Farmer,30023,Jamaldi
JMD00984,Female,18,Young,Uneducated,Student,17914,Jamaldi
JMD00985,Male,16,Young,Educated,Student,12109,Jamaldi
JMD00986,Female,49,Old,Educated,Farmer,20628,Jamaldi
JMD00987,Female,10,Children,Educated,Student,0,Jamaldi
JMD00988,Male,28,Mid-aged,Uneducated,Businessman,18864,Jamaldi
JMD00989,Male,28,Mid-aged,Educated,Businessman,30664,Jamaldi
JMD00990,Male,14,Young,Uneducated,Employee,15473,Jamaldi
JMD00991,Female,26,Mid-aged,Educated,Employee,23557,Jamaldi
JMD00992,Male,58,Old,Uneducated,Farmer,16053,Jamaldi
JMD00993,Female,24,Young,Educated,Student,8690,Jamaldi
JMD00994,Female,0,Children,Uneducated,Student,0,Jamaldi
JMD00995,Female,14,Young,Educated,Student,6136,Jamaldi
JMD00996,Female,12,Children,Educated,Student,0,Jamaldi
JMD00997,Female,30,Mid-aged,Uneducated,Employee,11789,Jamaldi
JMD00998,Female,11,Children,Uneducated,Student,0,Jamaldi
JMD00999,Male,29,Mid-aged,Uneducated,Farmer,27802,Jamaldi
JMD01000,Female,15,Young,Educated,Student,6654,Jamaldi
